{"elapsed_seconds": [0.563586702, 0.572735615, 0.572304935, 0.569633979, 0.567721376, 0.570410502, 0.569378569, 0.563133042, 0.568480294, 0.571046704], "mean": 0.5688431718, "median": 0.569633979}