{"elapsed_seconds": [0.00742297, 0.007465284, 0.007414571, 0.007440616, 0.007433071, 0.007436409, 0.007439811, 0.007446936, 0.007390773, 0.007417867], "mean": 0.007430830799999999, "median": 0.007436409}