{"elapsed_seconds": [0.09935838, 0.099537091, 0.099570404, 0.099293472, 0.099545596, 0.099054019, 0.099340798, 0.100378212, 0.099340988, 0.100243943], "mean": 0.0995662903, "median": 0.099537091}