{"elapsed_seconds": [0.244226483, 0.244405132, 0.251657173, 0.253370745, 0.248888226, 0.253986274, 0.254215028, 0.246720704, 0.243880284, 0.241932385], "mean": 0.24832824339999998, "median": 0.248888226}