{"elapsed_seconds": [0.311875088, 0.31740435, 0.312038421, 0.316553215, 0.308249363, 0.317758436, 0.309878972, 0.312426975, 0.313006615, 0.313853173], "mean": 0.3133044608, "median": 0.313006615}