{"elapsed_seconds": [0.024466647, 0.02369426, 0.024187412, 0.023521248, 0.033288241, 0.024186556, 0.023411364, 0.031420332, 0.027601797, 0.025005221], "mean": 0.0260783078, "median": 0.024466647}