{"elapsed_seconds": [0.39842968, 0.399837691, 0.403178002, 0.396881609, 0.3962441, 0.395247242, 0.409951815, 0.409992836, 0.395635958, 0.402566788], "mean": 0.40079657209999997, "median": 0.399837691}