{"elapsed_seconds": [0.118711627, 0.117898241, 0.118900018, 0.117994517, 0.118854206, 0.118256865, 0.118673554, 0.118690208, 0.118842366, 0.118336892], "mean": 0.1185158494, "median": 0.118690208}