{"elapsed_seconds": [2.133837245, 2.081989765, 2.13547816, 2.179006965, 2.152962695, 2.495812007, 1.684406834, 2.137322289, 2.134445081, 2.067885519], "mean": 2.1203146559999997, "median": 2.13547816}