{"elapsed_seconds": [0.113018691, 0.108082108, 0.108767763, 0.105555315, 0.112725213, 0.114252192, 0.114488451, 0.117229574, 0.107639928, 0.10578257], "mean": 0.11075418050000001, "median": 0.112725213}