{"elapsed_seconds": [0.36105682, 0.356330928, 0.363946189, 0.367810792, 0.363371235, 0.365260834, 0.3616581, 0.356514811, 0.360917269, 0.362693887], "mean": 0.36195608649999994, "median": 0.362693887}