{"elapsed_seconds": [0.245695914, 0.249567194, 0.249868732, 0.249693247, 0.249517366, 0.249757487, 0.249516021, 0.250797629, 0.250087278, 0.249928856], "mean": 0.24944297239999996, "median": 0.249757487}