{"elapsed_seconds": [0.019428965, 0.019476499, 0.019552475, 0.027357457, 0.019542649, 0.020781367, 0.019660539, 0.019398983, 0.019510432, 0.020039485], "mean": 0.0204748851, "median": 0.019552475}