{"elapsed_seconds": [0.030024837, 0.030863624, 0.02840479, 0.028276301, 0.028032284, 0.028131145, 0.028447603, 0.0283893, 0.028932746, 0.032267139], "mean": 0.029176976899999995, "median": 0.028447603}