{"elapsed_seconds": [0.065740706, 0.064565245, 0.065614752, 0.06517432, 0.065016864, 0.064902205, 0.065886643, 0.065042794, 0.066551671, 0.064833705], "mean": 0.06533289049999999, "median": 0.06517432}