{"elapsed_seconds": [0.043881102, 0.052277611, 0.045937166, 0.043604894, 0.043899142, 0.049359496, 0.040562456, 0.04963985, 0.040983859, 0.040855309], "mean": 0.045100088499999996, "median": 0.043899142}