{"elapsed_seconds": [0.077170281, 0.077433023, 0.077428367, 0.076944789, 0.077146851, 0.077136776, 0.077196881, 0.077040283, 0.077436711, 0.077401831], "mean": 0.0772335793, "median": 0.077196881}