{"elapsed_seconds": [0.105545664, 0.105043281, 0.11447212, 0.104924028, 0.105220172, 0.105366573, 0.105479697, 0.105473494, 0.105173831, 0.105017579], "mean": 0.1061716439, "median": 0.105366573}