{"elapsed_seconds": [1.478420935, 1.422343974, 1.4741934429999999, 1.513948133, 1.4915340879999999, 1.448251074, 1.401209337, 1.5065558540000001, 1.556806296, 1.60177344], "mean": 1.4895036574, "median": 1.4915340879999999}