{"elapsed_seconds": [0.01487142, 0.015282352, 0.014939947, 0.0149385, 0.014819888, 0.014842823, 0.014793176, 0.014858544, 0.014895028, 0.014893143], "mean": 0.0149134821, "median": 0.014893143}