{"elapsed_seconds": [0.911539106, 1.133661949, 0.9950219, 1.028013563, 1.132099665, 1.087619414, 1.015243078, 1.07416204, 0.995039926, 0.97776075], "mean": 1.0350161391000001, "median": 1.028013563}