{"elapsed_seconds": [0.009232761, 0.009188121, 0.009217913, 0.009411399, 0.009141406, 0.009215125, 0.00916958, 0.009201881, 0.00931784, 0.009229598], "mean": 0.0092325624, "median": 0.009217913}