{"elapsed_seconds": [0.063865906, 0.06433101, 0.062906811, 0.056322721, 0.056907193, 0.066271526, 0.064880058, 0.057600441, 0.065871895, 0.059587656], "mean": 0.06185452170000001, "median": 0.063865906}