{"elapsed_seconds": [0.004902291, 0.00494195, 0.004930489, 0.004890074, 0.004945823, 0.004932351, 0.004920048, 0.004950339, 0.00489187, 0.00493028], "mean": 0.004923551500000001, "median": 0.004930489}