{"elapsed_seconds": [0.000111813, 0.000110891, 0.000112384, 0.000112315, 0.0001152, 0.000111823, 0.000110637, 0.000111414, 0.000110716, 0.000111788], "mean": 0.0001118981, "median": 0.000111813}