{"elapsed_seconds": [0.035013411, 0.040646125, 0.034968115, 0.034005363, 0.037508523, 0.032921688, 0.032795874, 0.034003825, 0.033678564, 0.034602693], "mean": 0.03501441810000001, "median": 0.034602693}