{"elapsed_seconds": [0.018867214, 0.014645211, 0.022064226, 0.013406347, 0.017677909, 0.014383278, 0.014280594, 0.013815502, 0.017262686, 0.013875625], "mean": 0.0160278592, "median": 0.014645211}