{"elapsed_seconds": [0.024904356, 0.024986313, 0.024774209, 0.024730435, 0.025666254, 0.025935324, 0.025286471, 0.024951331, 0.024544371, 0.024534078], "mean": 0.025031314199999998, "median": 0.024951331}