{"elapsed_seconds": [1.131655617, 1.120287707, 1.158294511, 1.124484562, 1.140548866, 1.121921395, 1.123258887, 1.134862237, 1.128811301, 1.133597183], "mean": 1.1317722266, "median": 1.131655617}