{"elapsed_seconds": [0.412905586, 0.434676796, 0.433612383, 0.433461374, 0.430492854, 0.423073185, 0.424970704, 0.417455497, 0.417970962, 0.395814891], "mean": 0.4224434232, "median": 0.424970704}