{"elapsed_seconds": [0.001971519, 0.00196665, 0.001970792, 0.001968363, 0.001964857, 0.001976169, 0.001971988, 0.001967036, 0.001971157, 0.00197012], "mean": 0.0019698651, "median": 0.001970792}