{"elapsed_seconds": [1.924931309, 1.8117091520000002, 1.825469644, 1.7965020269999998, 1.569844754, 1.7572218899999998, 0.995969428, 1.8344008889999999, 1.003569811, 1.7529738419999998], "mean": 1.6272592746, "median": 1.7965020269999998}