{"elapsed_seconds": [0.19053581, 0.192749368, 0.19421022, 0.195866046, 0.191171149, 0.190355967, 0.196514787, 0.198235667, 0.198113986, 0.201127854], "mean": 0.1948880854, "median": 0.195866046}