{"elapsed_seconds": [2.653684265, 2.687739594, 2.180197767, 2.697484738, 2.734676549, 2.804224837, 2.837173515, 2.744900872, 2.646529396, 2.760109629], "mean": 2.6746721162, "median": 2.734676549}