{"elapsed_seconds": [0.121510642, 0.127610887, 0.125992371, 0.132143678, 0.122117901, 0.127467188, 0.12068901, 0.128337149, 0.12334998, 0.132240537], "mean": 0.12614593429999998, "median": 0.127467188}