{"elapsed_seconds": [0.165293044, 0.165229682, 0.166336379, 0.161910043, 0.164526548, 0.167098419, 0.166552376, 0.163249515, 0.162600147, 0.168884235], "mean": 0.1651680388, "median": 0.165293044}