{"elapsed_seconds": [0.010738464, 0.010740216, 0.010736861, 0.010734419, 0.010714608, 0.010739334, 0.010744445, 0.010748498, 0.010772204, 0.010765732], "mean": 0.0107434781, "median": 0.010740216}