{"elapsed_seconds": [0.098868564, 0.095572355, 0.093064295, 0.101722773, 0.094352917, 0.099510403, 0.09504373, 0.099911569, 0.094451253, 0.09942402], "mean": 0.09719218789999999, "median": 0.098868564}