{"elapsed_seconds": [0.014062328, 0.006690565, 0.015588896, 0.006311415, 0.00646647, 0.006615032, 0.00700147, 0.006193832, 0.01846221, 0.006385318], "mean": 0.0093777536, "median": 0.006690565}