{"elapsed_seconds": [0.144207253, 0.14433755, 0.142753648, 0.13486, 0.134753449, 0.13685877, 0.14316665, 0.140639684, 0.135489953, 0.134440313], "mean": 0.139150727, "median": 0.140639684}