{"elapsed_seconds": [0.006338438, 0.00629831, 0.00627284, 0.006285645, 0.006301733, 0.006243102, 0.006293567, 0.006300324, 0.006331416, 0.006284526], "mean": 0.0062949901, "median": 0.00629831}