{"elapsed_seconds": [0.000747078, 0.000748121, 0.000745568, 0.000744757, 0.000746592, 0.000752926, 0.000747674, 0.000750561, 0.000748509, 0.000748282], "mean": 0.0007480068, "median": 0.000748121}