{"elapsed_seconds": [0.000349788, 0.000358499, 0.000357772, 0.000350121, 0.000350534, 0.000351718, 0.000353494, 0.000352068, 0.00036254, 0.000352501], "mean": 0.00035390350000000004, "median": 0.000352501}