{"elapsed_seconds": [0.022439345, 0.025676289, 0.024205549, 0.025701026, 0.022652751, 0.025971958, 0.021867699, 0.024209737, 0.021536035, 0.024199107], "mean": 0.023845949600000003, "median": 0.024205549}