{"elapsed_seconds": [0.03812786, 0.033413691, 0.03395578, 0.033394352, 0.034465248, 0.033812923, 0.034854845, 0.033961368, 0.037143582, 0.038579364], "mean": 0.0351709013, "median": 0.034465248}