{"elapsed_seconds": [0.012995944, 0.013523973, 0.012967482, 0.01290487, 0.012966917, 0.013535414, 0.012977478, 0.01353946, 0.012987517, 0.012963338], "mean": 0.0131362393, "median": 0.012987517}