{"elapsed_seconds": [2.431662748, 2.3339464850000002, 1.3881659370000001, 2.350263677, 2.407717962, 2.581515126, 2.405504875, 2.311018933, 2.435335062, 2.351956861], "mean": 2.2997087666000002, "median": 2.405504875}