{"elapsed_seconds": [0.341731484, 0.34376948, 0.338150238, 0.349366331, 0.345455974, 0.339261335, 0.347078393, 0.342588792, 0.347324163, 0.349798863], "mean": 0.3444525053, "median": 0.345455974}