{"elapsed_seconds": [0.22988618, 0.234277929, 0.237834467, 0.238754234, 0.234853135, 0.23055019, 0.237262114, 0.23099311, 0.234418117, 0.23336756], "mean": 0.2342197036, "median": 0.234418117}