{"elapsed_seconds": [0.08917359, 0.081416312, 0.091261551, 0.082141527, 0.089716973, 0.088484898, 0.081878159, 0.080855036, 0.091244659, 0.088479567], "mean": 0.08646522720000001, "median": 0.088484898}