{"elapsed_seconds": [1.376598016, 1.379724605, 1.3741047229999999, 1.382465589, 1.39480974, 1.325006345, 1.404229416, 1.371571566, 1.411016208, 1.386008833], "mean": 1.3805535040999999, "median": 1.382465589}