{"elapsed_seconds": [1.189542566, 1.204317887, 1.079936158, 1.156410105, 0.670936944, 1.20367486, 1.199744562, 1.2122131760000001, 1.177858775, 1.131260934], "mean": 1.1225895967000001, "median": 1.189542566}