{"elapsed_seconds": [0.225493509, 0.220056696, 0.221316819, 0.221640129, 0.217598674, 0.227817828, 0.224730223, 0.217314279, 0.21708604, 0.223779253], "mean": 0.22168334500000003, "median": 0.221640129}