{"elapsed_seconds": [0.212132184, 0.201915346, 0.20649919, 0.210088953, 0.20620434, 0.205288098, 0.202640366, 0.214486617, 0.20827538, 0.207088818], "mean": 0.2074619292, "median": 0.207088818}