{"elapsed_seconds": [0.123773823, 0.12343642, 0.123609385, 0.123215836, 0.123070336, 0.122818263, 0.123287446, 0.122902605, 0.122941914, 0.121910673], "mean": 0.1230966701, "median": 0.123215836}