{"elapsed_seconds": [0.149372088, 0.151670368, 0.153973112, 0.157067301, 0.149025132, 0.150394143, 0.154181211, 0.157135085, 0.153288622, 0.157017178], "mean": 0.153312424, "median": 0.153973112}