{"elapsed_seconds": [0.303762128, 0.29271929, 0.303101387, 0.296911296, 0.296965109, 0.300869274, 0.291716688, 0.304185504, 0.29959367, 0.304070831], "mean": 0.2993895177, "median": 0.300869274}