{"elapsed_seconds": [0.858240737, 0.850651279, 0.848218026, 0.856620035, 0.84953717, 0.84379031, 0.860534961, 0.86154515, 0.845380094, 0.846289436], "mean": 0.8520807198, "median": 0.850651279}