{"elapsed_seconds": [0.068455041, 0.074313952, 0.076215181, 0.068165965, 0.069839175, 0.078160693, 0.069779371, 0.074207561, 0.076092209, 0.06905279], "mean": 0.07242819380000001, "median": 0.074207561}