{"elapsed_seconds": [0.086309341, 0.085940126, 0.08580568, 0.086492136, 0.0859127, 0.086032957, 0.085752257, 0.091034615, 0.086020214, 0.086000603], "mean": 0.08653006290000001, "median": 0.086020214}