{"elapsed_seconds": [0.00277861, 0.00278487, 0.002795249, 0.002790652, 0.002790792, 0.002783808, 0.002788314, 0.002798705, 0.002788074, 0.002785307], "mean": 0.0027884381, "median": 0.002788314}