{"elapsed_seconds": [0.183217734, 0.182912871, 0.178113109, 0.18660149, 0.182397639, 0.174609794, 0.177757728, 0.175978469, 0.174988882, 0.176547093], "mean": 0.17931248090000002, "median": 0.178113109}