{"elapsed_seconds": [0.017180303, 0.017166028, 0.017154497, 0.016892029, 0.017154853, 0.016887322, 0.017170907, 0.016893991, 0.017166973, 0.016871773], "mean": 0.0170538676, "median": 0.017154853}