{"elapsed_seconds": [1.81728033, 1.8227931179999999, 1.8181175569999999, 1.828228261, 1.8501122620000001, 1.894643382, 1.889705219, 1.89401726, 1.893649544, 1.88782776], "mean": 1.8596374692999997, "median": 1.88782776}