{"elapsed_seconds": [0.267114758, 0.262171248, 0.271692471, 0.268769995, 0.26743386, 0.268417678, 0.267549275, 0.270427744, 0.273467915, 0.264828791], "mean": 0.2681873735, "median": 0.268417678}