{"elapsed_seconds": [0.400638912, 0.393299652, 0.382671545, 0.3857646, 0.39102875, 0.391548236, 0.391738981, 0.382612701, 0.389886795, 0.387851686], "mean": 0.3897041858, "median": 0.39102875}