{"elapsed_seconds": [0.051771762, 0.052937599, 0.059684857, 0.045858815, 0.050277324, 0.047148704, 0.053960109, 0.051952651, 0.051971319, 0.044397205], "mean": 0.050996034499999995, "median": 0.051952651}