{"elapsed_seconds": [0.375344792, 0.38203, 0.374726983, 0.37720663, 0.369275109, 0.366759259, 0.366170376, 0.395536698, 0.37562546, 0.376939514], "mean": 0.3759614821, "median": 0.37562546}