{"elapsed_seconds": [0.278071076, 0.284574593, 0.286924286, 0.290999919, 0.279594799, 0.281091803, 0.277089675, 0.283217305, 0.283474413, 0.282411844], "mean": 0.2827449713, "median": 0.283217305}