{"elapsed_seconds": [0.059862017, 0.057850918, 0.058326635, 0.057443418, 0.060088247, 0.058168307, 0.058740899, 0.058245035, 0.061249493, 0.060362062], "mean": 0.059033703100000015, "median": 0.058740899}