{"elapsed_seconds": [0.051883178, 0.054609863, 0.050168207, 0.050939527, 0.051851766, 0.052016845, 0.047586961, 0.0524319, 0.051548184, 0.060032525], "mean": 0.05230689559999999, "median": 0.051883178}