{"elapsed_seconds": [0.003796342, 0.003787024, 0.003773561, 0.003906026, 0.003851742, 0.003798669, 0.003838745, 0.003784439, 0.003789981, 0.003809354], "mean": 0.0038135883000000002, "median": 0.003798669}