{"elapsed_seconds": [0.331913009, 0.325449495, 0.324989457, 0.334715549, 0.324710913, 0.32312468, 0.328221344, 0.329094728, 0.33051322, 0.329119418], "mean": 0.32818518129999996, "median": 0.329094728}