{"elapsed_seconds": [0.001288045, 0.001289476, 0.001283795, 0.001289772, 0.001275883, 0.001279972, 0.001276543, 0.001285289, 0.001280455, 0.001276772], "mean": 0.0012826002000000001, "median": 0.001283795}