{
  "results": [
    {
      "command": "/home/uni11/gwdg1/GWDG/lars.quentin01/code/walky/target/release/walky exact -p single-threaded v3 /home/uni11/gwdg1/GWDG/lars.quentin01/code/walky/utils/gen_matrix_fast/results/3.xml",
      "mean": 0.1370463826,
      "stddev": 0.04387373255980388,
      "median": 0.123201952,
      "user": 0.006468399999999999,
      "system": 0.008755700000000002,
      "min": 0.12153271600000001,
      "max": 0.261870135,
      "times": [
        0.122500572,
        0.12482694300000001,
        0.125072337,
        0.261870135,
        0.123797629,
        0.12153271600000001,
        0.12228269700000001,
        0.123582388,
        0.122821516,
        0.12217689300000001
      ],
      "exit_codes": [
        0,
        0,
        0,
        0,
        0,
        0,
        0,
        0,
        0,
        0
      ],
      "parameters": {
        "N": "3"
      }
    },
    {
      "command": "/home/uni11/gwdg1/GWDG/lars.quentin01/code/walky/target/release/walky exact -p single-threaded v3 /home/uni11/gwdg1/GWDG/lars.quentin01/code/walky/utils/gen_matrix_fast/results/4.xml",
      "mean": 0.1439708067,
      "stddev": 0.0341229511824061,
      "median": 0.12450001100000001,
      "user": 0.0063876,
      "system": 0.009765300000000001,
      "min": 0.12184551,
      "max": 0.220559366,
      "times": [
        0.122763275,
        0.12184551,
        0.12354822100000001,
        0.137067404,
        0.187330404,
        0.154884706,
        0.220559366,
        0.12427828900000001,
        0.12270915900000001,
        0.124721733
      ],
      "exit_codes": [
        0,
        0,
        0,
        0,
        0,
        0,
        0,
        0,
        0,
        0
      ],
      "parameters": {
        "N": "4"
      }
    },
    {
      "command": "/home/uni11/gwdg1/GWDG/lars.quentin01/code/walky/target/release/walky exact -p single-threaded v3 /home/uni11/gwdg1/GWDG/lars.quentin01/code/walky/utils/gen_matrix_fast/results/5.xml",
      "mean": 0.1394739618,
      "stddev": 0.03384953606177594,
      "median": 0.12472501600000002,
      "user": 0.0044858,
      "system": 0.0127333,
      "min": 0.12202842100000001,
      "max": 0.22532727800000002,
      "times": [
        0.12440366400000001,
        0.124253314,
        0.124258349,
        0.12664503100000002,
        0.12202842100000001,
        0.12504636800000002,
        0.124207968,
        0.12532215300000002,
        0.22532727800000002,
        0.173247072
      ],
      "exit_codes": [
        0,
        0,
        0,
        0,
        0,
        0,
        0,
        0,
        0,
        0
      ],
      "parameters": {
        "N": "5"
      }
    },
    {
      "command": "/home/uni11/gwdg1/GWDG/lars.quentin01/code/walky/target/release/walky exact -p single-threaded v3 /home/uni11/gwdg1/GWDG/lars.quentin01/code/walky/utils/gen_matrix_fast/results/6.xml",
      "mean": 0.12482112079999999,
      "stddev": 0.0008767099496069022,
      "median": 0.124792467,
      "user": 0.0038905999999999997,
      "system": 0.0110809,
      "min": 0.123310762,
      "max": 0.12648821100000002,
      "times": [
        0.12648821100000002,
        0.12504304500000002,
        0.125587104,
        0.125340274,
        0.12442554300000001,
        0.12496621200000001,
        0.123310762,
        0.12422128,
        0.12421005500000001,
        0.124618722
      ],
      "exit_codes": [
        0,
        0,
        0,
        0,
        0,
        0,
        0,
        0,
        0,
        0
      ],
      "parameters": {
        "N": "6"
      }
    },
    {
      "command": "/home/uni11/gwdg1/GWDG/lars.quentin01/code/walky/target/release/walky exact -p single-threaded v3 /home/uni11/gwdg1/GWDG/lars.quentin01/code/walky/utils/gen_matrix_fast/results/7.xml",
      "mean": 0.1247251675,
      "stddev": 0.0006564598769010524,
      "median": 0.1247777245,
      "user": 0.005615,
      "system": 0.0093954,
      "min": 0.123444678,
      "max": 0.125593055,
      "times": [
        0.124994242,
        0.12456120700000001,
        0.124374143,
        0.125073818,
        0.125593055,
        0.12533264,
        0.124176454,
        0.124381742,
        0.123444678,
        0.125319696
      ],
      "exit_codes": [
        0,
        0,
        0,
        0,
        0,
        0,
        0,
        0,
        0,
        0
      ],
      "parameters": {
        "N": "7"
      }
    },
    {
      "command": "/home/uni11/gwdg1/GWDG/lars.quentin01/code/walky/target/release/walky exact -p single-threaded v3 /home/uni11/gwdg1/GWDG/lars.quentin01/code/walky/utils/gen_matrix_fast/results/8.xml",
      "mean": 0.1247813649,
      "stddev": 0.0013839222061213035,
      "median": 0.12423239450000001,
      "user": 0.0090582,
      "system": 0.006850600000000001,
      "min": 0.12368693700000001,
      "max": 0.128281513,
      "times": [
        0.128281513,
        0.12524009,
        0.124813376,
        0.12393319400000001,
        0.12393857000000001,
        0.12389844500000001,
        0.12451850900000001,
        0.12394628,
        0.12368693700000001,
        0.125556735
      ],
      "exit_codes": [
        0,
        0,
        0,
        0,
        0,
        0,
        0,
        0,
        0,
        0
      ],
      "parameters": {
        "N": "8"
      }
    },
    {
      "command": "/home/uni11/gwdg1/GWDG/lars.quentin01/code/walky/target/release/walky exact -p single-threaded v3 /home/uni11/gwdg1/GWDG/lars.quentin01/code/walky/utils/gen_matrix_fast/results/9.xml",
      "mean": 0.1325999304,
      "stddev": 0.0007863726428774361,
      "median": 0.132565354,
      "user": 0.017733099999999998,
      "system": 0.0084879,
      "min": 0.131481066,
      "max": 0.133862687,
      "times": [
        0.131691204,
        0.133418589,
        0.13210681300000002,
        0.133862687,
        0.13295268400000002,
        0.132113759,
        0.131481066,
        0.133241794,
        0.132885274,
        0.132245434
      ],
      "exit_codes": [
        0,
        0,
        0,
        0,
        0,
        0,
        0,
        0,
        0,
        0
      ],
      "parameters": {
        "N": "9"
      }
    },
    {
      "command": "/home/uni11/gwdg1/GWDG/lars.quentin01/code/walky/target/release/walky exact -p single-threaded v3 /home/uni11/gwdg1/GWDG/lars.quentin01/code/walky/utils/gen_matrix_fast/results/10.xml",
      "mean": 0.24344191080000002,
      "stddev": 0.007626007752048625,
      "median": 0.24071897800000003,
      "user": 0.1263532,
      "system": 0.0074144,
      "min": 0.239147241,
      "max": 0.264643954,
      "times": [
        0.24020680700000002,
        0.264643954,
        0.24053317600000002,
        0.240849533,
        0.24058842300000002,
        0.241331379,
        0.23994256100000003,
        0.24515345400000002,
        0.24202258000000001,
        0.239147241
      ],
      "exit_codes": [
        0,
        0,
        0,
        0,
        0,
        0,
        0,
        0,
        0,
        0
      ],
      "parameters": {
        "N": "10"
      }
    },
    {
      "command": "/home/uni11/gwdg1/GWDG/lars.quentin01/code/walky/target/release/walky exact -p single-threaded v3 /home/uni11/gwdg1/GWDG/lars.quentin01/code/walky/utils/gen_matrix_fast/results/11.xml",
      "mean": 0.3874043536000001,
      "stddev": 0.001078809577757219,
      "median": 0.38694297850000003,
      "user": 0.27234869999999994,
      "system": 0.0079046,
      "min": 0.38615346,
      "max": 0.38945491800000004,
      "times": [
        0.38675208800000005,
        0.38723855100000004,
        0.38774383900000003,
        0.389149619,
        0.38696179,
        0.38676036,
        0.38615346,
        0.38692416700000004,
        0.386904744,
        0.38945491800000004
      ],
      "exit_codes": [
        0,
        0,
        0,
        0,
        0,
        0,
        0,
        0,
        0,
        0
      ],