{"elapsed_seconds": [4.837180486, 4.836964372, 4.842500148, 4.835177632, 4.843646403, 4.8411976, 4.835320044, 4.842328452, 4.836855073, 4.840327112], "mean": 4.8391497322, "median": 4.840327112}