{"elapsed_seconds": [0.166397154, 0.156025978, 0.166594549, 0.163175659, 0.161131141, 0.153301494, 0.160902751, 0.155690477, 0.157405898, 0.156224047], "mean": 0.1596849148, "median": 0.160902751}