{"elapsed_seconds": [0.481223413, 0.480380823, 0.493970793, 0.480399875, 0.480710089, 0.480231599, 0.480255608, 0.477544515, 0.479819314, 0.477214837], "mean": 0.4811750866000001, "median": 0.480380823}