{"elapsed_seconds": [0.146543082, 0.147237882, 0.146693624, 0.073874016, 0.099745111, 0.141795495, 0.10448077, 0.102888066, 0.138062747, 0.147855295], "mean": 0.1249176088, "median": 0.141795495}