{"elapsed_seconds": [0.032098783, 0.031564925, 0.029923438, 0.030313943, 0.030007163, 0.029546717, 0.033422035, 0.02984534, 0.02051531, 0.026243174], "mean": 0.029348082799999998, "median": 0.030007163}