{"elapsed_seconds": [0.003024592, 0.003050589, 0.003060826, 0.003058487, 0.003050467, 0.003041418, 0.003037451, 0.003022917, 0.003030766, 0.003028294], "mean": 0.0030405807, "median": 0.003041418}