{"elapsed_seconds": [0.007770063, 0.007781322, 0.007787902, 0.007769347, 0.007792287, 0.00779494, 0.007763816, 0.008531072, 0.008395111, 0.008566567], "mean": 0.007995242699999999, "median": 0.007792287}