{"elapsed_seconds": [0.133282176, 0.126386398, 0.127447323, 0.126940375, 0.127719654, 0.12819361, 0.126872806, 0.128171148, 0.125027041, 0.134512038], "mean": 0.12845525689999998, "median": 0.127719654}