{"elapsed_seconds": [0.150184514, 0.109171039, 0.152675812, 0.149420134, 0.149325835, 0.149328583, 0.151694911, 0.150133158, 0.150238542, 0.152642744], "mean": 0.14648152720000002, "median": 0.150184514}