{"elapsed_seconds": [0.408479615, 0.407930329, 0.408305476, 0.41895764, 0.409013432, 0.407935223, 0.407907831, 0.407557309, 0.408187043, 0.407912262], "mean": 0.409218616, "median": 0.408187043}