{"elapsed_seconds": [0.154644091, 0.146914366, 0.131690298, 0.134959821, 0.139762434, 0.134058803, 0.131706862, 0.24630063, 0.140309666, 0.135591369], "mean": 0.149593834, "median": 0.139762434}