{"elapsed_seconds": [0.904590661, 0.90361658, 0.914039554, 0.90502152, 0.905161643, 0.903572977, 0.904462002, 0.905184915, 0.904785232, 0.904493121], "mean": 0.9054928204999999, "median": 0.904785232}