{"elapsed_seconds": [0.054220304, 0.053657954, 0.054923902, 0.053746255, 0.054644686, 0.053587743, 0.054700958, 0.053592946, 0.054596181, 0.053629852], "mean": 0.0541300781, "median": 0.054220304}