{"elapsed_seconds": [0.011211028, 0.011223861, 0.011217038, 0.011150625, 0.011221322, 0.011447722, 0.01125983, 0.011225744, 0.01121583, 0.011433347], "mean": 0.011260634699999997, "median": 0.011223861}