{"elapsed_seconds": [0.444657402, 0.372994896, 0.372389704, 0.373236416, 0.378579319, 0.372807531, 0.372335434, 0.373434796, 0.372070668, 0.372854416], "mean": 0.3805360582, "median": 0.372994896}