{"elapsed_seconds": [0.041650139, 0.045995032, 0.048596824, 0.051533839, 0.051654365, 0.050088848, 0.054469801, 0.05499469, 0.052063186, 0.032382496], "mean": 0.048342921999999997, "median": 0.051533839}