{"elapsed_seconds": [0.322806988, 0.301065779, 0.301582894, 0.300763647, 0.300699159, 0.300561378, 0.300993203, 0.300453305, 0.300778281, 0.300396573], "mean": 0.3030101207, "median": 0.300778281}