{"elapsed_seconds": [0.08270527, 0.067360037, 0.123780705, 0.124729982, 0.124596818, 0.06276988, 0.065952699, 0.110636534, 0.115557101, 0.118514749], "mean": 0.09966037749999998, "median": 0.115557101}