{"elapsed_seconds": [0.001409494, 0.001410851, 0.001415043, 0.001393978, 0.001409937, 0.0014085, 0.001426822, 0.001408689, 0.001419894, 0.001413234], "mean": 0.0014116441999999997, "median": 0.001410851}