{"elapsed_seconds": [0.044790402, 0.04410947, 0.044255544, 0.044469793, 0.044494187, 0.044360528, 0.044204059, 0.044488777, 0.044759878, 0.044313679], "mean": 0.0444246317, "median": 0.044469793}