{"elapsed_seconds": [0.209095936, 0.213725962, 0.209640664, 0.209156337, 0.211227868, 0.2100902, 0.211131081, 0.209623283, 0.20890542, 0.214007931], "mean": 0.2106604682, "median": 0.2100902}