{"elapsed_seconds": [0.12262511, 0.16897321, 0.169352347, 0.174438648, 0.124166963, 0.122048743, 0.168071289, 0.117664024, 0.177481675, 0.11960269], "mean": 0.1464424699, "median": 0.168071289}