{"elapsed_seconds": [3.900859893, 3.881190698, 3.9023225630000002, 3.901047916, 3.903304051, 3.897606425, 3.904786143, 3.904325336, 3.89951611, 3.9030004270000003], "mean": 3.8997959561999997, "median": 3.9023225630000002}