{"elapsed_seconds": [0.334148942, 0.33441004, 0.346068769, 0.346907728, 0.346938734, 0.349188516, 0.33397119, 0.331796622, 0.33411546, 0.33463019], "mean": 0.33921761910000003, "median": 0.33463019}