{"elapsed_seconds": [0.280764946, 0.282516255, 0.285129445, 0.285546391, 0.279812319, 0.282051661, 0.286261081, 0.279648712, 0.283425815, 0.284390442], "mean": 0.2829547067, "median": 0.283425815}