{"elapsed_seconds": [2.116522115, 2.118012528, 2.117013532, 2.117680845, 2.12845248, 2.126721758, 2.127089489, 2.128193378, 2.209019241, 2.128187881], "mean": 2.1316893247, "median": 2.127089489}