{"elapsed_seconds": [0.005099806, 0.005099415, 0.005084519, 0.005106578, 0.005207017, 0.005091432, 0.005110072, 0.005100374, 0.005087758, 0.005221376], "mean": 0.005120834699999999, "median": 0.005100374}