{"elapsed_seconds": [2.930773926, 2.9280933620000003, 2.935038052, 2.930081108, 2.933438656, 2.9308835159999997, 2.931934009, 2.964424912, 2.949904294, 2.930388335], "mean": 2.936496017, "median": 2.931934009}