{"elapsed_seconds": [0.184091351, 0.184054101, 0.181962918, 0.183827473, 0.181475832, 0.181139037, 0.198468099, 0.181593781, 0.199358608, 0.182806239], "mean": 0.1858777439, "median": 0.183827473}