{"elapsed_seconds": [0.239391794, 0.243637537, 0.245921098, 0.240041061, 0.24462675, 0.247329945, 0.247829747, 0.246267579, 0.248722848, 0.250135811], "mean": 0.24539041699999994, "median": 0.246267579}