{"elapsed_seconds": [0.027916877, 0.046015491, 0.048391584, 0.047333011, 0.046928064, 0.026709985, 0.027342585, 0.026476176, 0.048108987, 0.047046096], "mean": 0.0392268856, "median": 0.046928064}