{"elapsed_seconds": [0.015073476, 0.015156151, 0.015153797, 0.015171322, 0.015184069, 0.015202127, 0.015129041, 0.015191303, 0.015205946, 0.023768697], "mean": 0.0160235929, "median": 0.015184069}