{"elapsed_seconds": [0.441146817, 0.440731173, 0.440482939, 0.536187675, 0.452263404, 0.447254194, 0.441835452, 0.439198413, 0.440659599, 0.439959206], "mean": 0.45197188720000003, "median": 0.441146817}