{"elapsed_seconds": [6.103454935, 6.201709197, 6.199791622, 6.110531594, 6.391765789, 6.44912966, 6.108262518, 6.140928571, 6.108204457, 6.115696713], "mean": 6.192947505600001, "median": 6.140928571}