{"elapsed_seconds": [1.468032531, 1.416101986, 1.4162828, 1.415887925, 1.416874141, 1.416592987, 1.4507356869999999, 1.417889455, 1.415286445, 1.415623153], "mean": 1.4249307109999998, "median": 1.416592987}