{"elapsed_seconds": [0.000425235, 0.000419499, 0.00041716, 0.00041405, 0.000414845, 0.00042003, 0.000420257, 0.000415961, 0.000419058, 0.000423919], "mean": 0.0004190014, "median": 0.000419499}