{"elapsed_seconds": [0.070579656, 0.067940034, 0.068736861, 0.045482712, 0.073945705, 0.073837847, 0.074257601, 0.073105026, 0.074204621, 0.037811265], "mean": 0.0659901328, "median": 0.073105026}